{"cameraMode":{"drawMode":0,"name":"Shaded","section":"Shading Mode"},"sceneLighting":false,"audioPlay":false,"sceneViewState":{"showFog":true,"showMaterialUpdate":true,"showSkybox":false,"showFlares":true,"showImageEffects":true,"showParticleSystems":true},"in2DMode":false,"pivot":{"x":0.0,"y":0.5721898078918457,"z":3.453080415725708},"rotation":{"x":0.047357067465782168,"y":-0.6944735646247864,"z":0.04590194299817085,"w":0.7164891958236694},"size":16.51606559753418,"orthographic":false}