{"cameraMode":{"drawMode":0,"name":"Shaded","section":"Shading Mode"},"sceneLighting":false,"audioPlay":false,"sceneViewState":{"showFog":true,"showMaterialUpdate":true,"showSkybox":false,"showFlares":true,"showImageEffects":true,"showParticleSystems":true},"in2DMode":false,"pivot":{"x":0.0,"y":1.2160719633102418,"z":-0.03698456287384033},"rotation":{"x":0.047357067465782168,"y":-0.6944735646247864,"z":0.04590194299817085,"w":0.7164891958236694},"size":9.68121337890625,"orthographic":false}